C003750	2
C003751	2
C003752	2
C003753	2
C003754	2
C003755	2
C003756	2
C003757	2
C003758	2
C003759	2
C002430	2
C002431	2
C002432	2
C002433	2
C002434	2
C002435	2
C002436	2
C002437	2
C002438	2
C002439	2
C001100	4
C001101	4
C001102	4
C001103	4
C001104	4
C001105	4
C001106	4
C001107	4
C001108	4
C001109	4
C003760	2
C003761	2
C003762	2
C003763	2
C003764	2
C003765	2
C003766	2
C003767	2
C003768	2
C003769	2
C002440	2
C002441	2
C002442	2
C002443	2
C002444	2
C002445	2
C002446	2
C002447	2
C002448	2
C002449	2
C001110	4
C001111	4
C001112	4
C001113	4
C001114	4
C001115	4
C001116	4
C002900	2
C001117	4
C002901	2
C001118	4
C002902	2
C001119	4
C002903	2
C002904	2
C005000	2
C002905	2
C005001	2
C002906	2
C005002	2
C002907	2
C005003	2
C002908	2
C005004	2
C002909	2
C005005	2
C005006	2
C005007	2
C005008	2
C005009	2
C003770	2
C003771	2
C003772	2
C003773	2
C003774	2
C003775	2
C003776	2
C003777	2
C003778	2
C003779	2
C002450	2
C002451	2
C002452	2
C002453	2
C002454	2
C002455	2
C002456	2
C002457	2
C002458	2
C002459	2
C001120	4
C001121	4
C001122	4
C001123	4
C001124	4
C001125	4
C001126	4
C002910	2
C001127	4
C002911	2
C001128	4
C002912	2
C001129	4
C002913	2
C002914	2
C005010	2
C002915	2
C005011	2
C002916	2
C005012	2
C002917	2
C005013	2
C002918	2
C005014	2
C002919	2
C005015	2
C005016	2
C005017	2
C005018	2
C005019	2
C003780	2
C003781	2
C003782	2
C003783	2
C003784	2
C003785	2
C003786	2
C003787	2
C003788	2
C003789	2
C002460	2
C002461	2
C002462	2
C002463	2
C002464	2
C002465	2
C002466	2
C002467	2
C002468	2
C002469	2
C001130	4
C001131	4
C001132	4
C001133	4
C001134	4
C001135	4
C001136	4
C001137	4
C002920	2
C001138	4
C002921	2
C001139	4
C002922	2
C002923	2
C002924	2
C005020	2
C002925	2
C005021	2
C002926	2
C005022	2
C002927	2
C005023	2
C002928	2
C005024	2
C002929	2
C005025	2
C005026	2
C005027	2
C005028	2
C005029	1
C003790	2
C003791	2
C003792	2
C003793	2
C003794	2
C003795	2
C003796	2
C003797	2
C003798	2
C003799	2
C002470	2
C002471	2
C002472	2
C002473	2
C002474	2
C002475	2
C002476	2
C002477	2
C002478	2
C002479	2
C001140	4
C001141	4
C001142	4
C001143	4
C001144	4
C001145	4
C001146	4
C002930	2
C001147	4
C002931	2
C001148	4
C002932	2
C001149	4
C002933	2
C002934	2
C002935	2
C002936	2
C002937	2
C002938	2
C002939	2
C001600	3
C001601	3
C001602	3
C001603	3
C001604	3
C001605	3
C001606	3
C001607	3
C001608	3
C001609	3
C002480	2
C002481	2
C002482	2
C002483	2
C002484	2
C002485	2
C002486	2
C002487	2
C002488	2
C002489	2
C001150	4
C001151	4
C001152	4
C001153	4
C001154	4
C001155	4
C001156	4
C002940	2
C001157	4
C002941	2
C001158	4
C002942	2
C001159	4
C002943	2
C002944	2
C002945	2
C002946	2
C002947	2
C002948	2
C002949	2
C001610	3
C001611	3
C001612	3
C001613	3
C001614	3
C001615	3
C001616	3
C001617	3
C001618	3
C001619	3
C002490	2
C002491	2
C002492	2
C002493	2
C002494	2
C002495	2
C002496	2
C002497	2
C002498	2
C002499	2
C001160	4
C001161	4
C001162	4
C001163	4
C001164	4
C001165	4
C001166	4
C002950	2
C001167	4
C002951	2
C001168	4
C002952	2
C001169	4
C002953	2
C002954	2
C002955	2
C002956	2
C002957	2
C002958	2
C002959	2
C001620	3
C001621	3
C001622	3
C001623	3
C001624	3
C001625	3
C001626	3
C001627	3
C001628	3
C001629	3
C000300	8
C000301	8
C000302	8
C000303	8
C000304	8
C000305	8
C000306	8
C000307	8
C000308	8
C000309	8
C001170	4
C001171	4
C001172	4
C001173	4
C001174	4
C001175	4
C001176	4
C001177	4
C002960	2
C001178	4
C002961	2
C001179	4
C002962	2
C002963	2
C002964	2
C002965	2
C002966	2
C002967	2
C002968	2
C002969	2
C001630	3
C001631	3
C001632	3
C001633	3
C001634	3
C001635	3
C001636	3
C001637	3
C001638	3
C001639	3
C000310	8
C000311	8
C000312	8
C000313	8
C000314	8
C000315	8
C000316	8
C000317	8
C000318	8
C000319	8
C004200	2
C004201	2
C004202	2
C004203	2
C001180	4
C004204	2
C001181	4
C004205	2
C001182	4
C004206	2
C001183	4
C004207	2
C001184	4
C004208	2
C001185	4
C004209	2
C001186	4
C002970	2
C001187	4
C002971	2
C001188	4
C002972	2
C001189	4
C002973	2
C002974	2
C002975	2
C002976	2
C002977	2
C002978	2
C002979	2
C001640	3
C001641	3
C001642	3
C001643	3
C001644	3
C001645	3
C001646	3
C001647	3
C001648	3
C001649	3
C000320	8
C000321	8
C000322	8
C000323	8
C000324	8
C000325	8
C000326	8
C000327	8
C000328	8
C000329	8
C004210	2
C004211	2
C004212	2
C004213	2
C001190	4
C004214	2
C001191	4
C004215	2
C001192	4
C004216	2
C001193	4
C004217	2
C001194	4
C004218	2
C001195	4
C004219	2
C001196	4
C002980	2
C001197	4
C002981	2
C001198	4
C002982	2
C001199	4
C002983	2
C002984	2
C002985	2
C002986	2
C002987	2
C002988	2
C002989	2
C001650	3
C001651	3
C001652	3
C001653	3
C001654	3
C001655	3
C001656	3
C001657	3
C001658	3
C001659	3
C000330	8
C000331	8
C000332	8
C000333	8
C000334	8
C000335	8
C000336	8
C000337	8
C000338	8
C000339	8
C004220	2
C004221	2
C004222	2
C004223	2
C004224	2
C004225	2
C004226	2
C004227	2
C004228	2
C004229	2
C002990	2
C002991	2
C002992	2
C002993	2
C002994	2
C002995	2
C002996	2
C002997	2
C002998	2
C002999	2
C001660	3
C001661	3
C001662	3
C001663	3
C001664	3
C001665	3
C001666	3
C001667	3
C001668	3
C001669	3
C000340	8
C000341	8
C000342	8
C000343	8
C000344	8
C000345	8
C000346	8
C000347	8
C000348	8
C000349	8
C004230	2
C004231	2
C004232	2
C004233	2
C004234	2
C004235	2
C004236	2
C004237	2
C004238	2
C004239	2
C000800	5
C000801	5
C000802	5
C000803	5
C000804	5
C000805	5
C000806	5
C000807	5
C000808	5
C000809	5
C001670	3
C001671	3
C001672	3
C001673	3
C001674	3
C001675	3
C001676	3
C001677	3
C001678	3
C001679	3
C000350	8
C000351	8
C000352	8
C000353	8
C000354	8
C000355	8
C000356	8
C000357	8
C000358	8
C000359	8
C004240	2
C004241	2
C004242	2
C004243	2
C004244	2
C004245	2
C004246	2
C004247	2
C004248	2
C004249	2
C000810	5
C000811	5
C000812	5
C000813	5
C000814	5
C000815	5
C000816	5
C000817	5
C000818	5
C000819	5
C004700	2
C004701	2
C004702	2
C004703	2
C001680	3
C004704	2
C001681	3
C004705	2
C001682	3
C004706	2
C001683	3
C004707	2
C001684	3
C004708	2
C001685	3
C004709	2
C001686	3
C001687	3
C001688	3
C001689	3
C000360	8
C000361	8
C000362	8
C000363	8
C000364	8
C000365	8
C000366	8
C000367	8
C000368	8
C000369	8
C004250	2
C004251	2
C004252	2
C004253	2
C004254	2
C004255	2
C004256	2
C004257	2
C004258	2
C004259	2
C000820	5
C000821	5
C000822	5
C000823	5
C000824	5
C000825	5
C000826	5
C000827	5
C000828	5
C000829	5
C004710	2
C004711	2
C004712	2
C004713	2
C001690	3
C004714	2
C001691	3
C004715	2
C001692	3
C004716	2
C001693	3
C004717	2
C001694	3
C004718	2
C001695	3
C004719	2
C001696	3
C001697	3
C001698	3
C001699	3
C000370	7
C000371	7
C000372	7
C000373	7
C000374	7
C000375	7
C000376	7
C000377	7
C000378	7
C000379	7
C004260	2
C004261	2
C004262	2
C004263	2
C004264	2
C004265	2
C004266	2
C004267	2
C004268	2
C004269	2
C000830	5
C000831	5
C000832	5
C000833	5
C000834	5
C000835	5
C000836	4
C000837	4
C000838	4
C000839	4
C004720	2
C004721	2
C004722	2
C004723	2
C004724	2
C004725	2
C004726	2
C004727	2
C004728	2
C004729	2
C003400	2
C003401	2
C003402	2
C003403	2
C000380	7
C003404	2
C000381	7
C003405	2
C000382	7
C003406	2
C000383	7
C003407	2
C000384	7
C003408	2
C000385	7
C003409	2
C000386	7
C000387	7
C000388	7
C000389	7
C004270	2
C004271	2
C004272	2
C004273	2
C004274	2
C004275	2
C004276	2
C004277	2
C004278	2
C004279	2
C000840	4
C000841	4
C000842	4
C000843	4
C000844	4
C000845	4
C000846	4
C000847	4
C000848	4
C000849	4
C004730	2
C004731	2
C004732	2
C004733	2
C004734	2
C004735	2
C004736	2
C004737	2
C004738	2
C004739	2
C003410	2
C003411	2
C003412	2
C003413	2
C000390	7
C003414	2
C000391	7
C003415	2
C000392	7
C003416	2
C000393	7
C003417	2
C000394	7
C003418	2
C000395	7
C003419	2
C000396	7
C000397	7
C000398	7
C000399	7
C004280	2
C004281	2
C004282	2
C004283	2
C004284	2
C004285	2
C004286	2
C004287	2
C004288	2
C004289	2
C000850	4
C000851	4
C000852	4
C000853	4
C000854	4
C000855	4
C000856	4
C000857	4
C000858	4
C000859	4
C004740	2
C004741	2
C004742	2
C004743	2
C004744	2
C004745	2
C004746	2
C004747	2
C004748	2
C004749	2
C003420	2
C003421	2
C003422	2
C003423	2
C003424	2
C003425	2
C003426	2
C003427	2
C003428	2
C003429	2
C004290	2
C004291	2
C004292	2
C004293	2
C004294	2
C004295	2
C004296	2
C004297	2
C004298	2
C004299	2
C002100	3
C002101	3
C002102	3
C002103	3
C000860	4
C002104	3
C000861	4
C002105	3
C000862	4
C002106	3
C000863	4
C002107	3
C000864	4
C002108	3
C000865	4
C002109	3
C000866	4
C000867	4
C000868	4
C000869	4
C004750	2
C004751	2
C004752	2
C004753	2
C004754	2
C004755	2
C004756	2
C004757	2
C004758	2
C004759	2
C003430	2
C003431	2
C003432	2
C003433	2
C003434	2
C003435	2
C003436	2
C003437	2
C003438	2
C003439	2
C002110	3
C002111	3
C002112	3
C000870	4
C002113	3
C000871	4
C002114	3
C000872	4
C002115	3
C000873	4
C002116	3
C000874	4
C002117	3
C000875	4
C002118	3
C000876	4
C002119	3
C000877	4
C000878	4
C000879	4
C004760	2
C004761	2
C004762	2
C004763	2
C004764	2
C004765	2
C004766	2
C004767	2
C004768	2
C004769	2
C003440	2
C003441	2
C003442	2
C003443	2
C003444	2
C003445	2
C003446	2
C003447	2
C003448	2
C003449	2
C003900	2
C002120	3
C003901	2
C002121	3
C003902	2
C002122	3
C003903	2
C002123	3
C000880	4
C003904	2
C002124	3
C000881	4
C003905	2
C002125	3
C000882	4
C003906	2
C002126	3
C000883	4
C003907	2
C002127	3
C000884	4
C003908	2
C002128	3
C000885	4
C003909	2
C002129	3
C000886	4
C000887	4
C000888	4
C000889	4
C004770	2
C004771	2
C004772	2
C004773	2
C004774	2
C004775	2
C004776	2
C004777	2
C004778	2
C004779	2
C003450	2
C003451	2
C003452	2
C003453	2
C003454	2
C003455	2
C003456	2
C003457	2
C003458	2
C003459	2
C003910	2
C002130	3
C003911	2
C002131	3
C003912	2
C002132	3
C003913	2
C002133	3
C000890	4
C003914	2
C002134	3
C000891	4
C003915	2
C002135	3
C000892	4
C003916	2
C002136	3
C000893	4
C003917	2
C002137	3
C000894	4
C003918	2
C002138	3
C000895	4
C003919	2
C002139	3
C000896	4
C000897	4
C000898	4
C000899	4
C004780	2
C004781	2
C004782	2
C004783	2
C004784	2
C004785	2
C004786	2
C004787	2
C004788	2
C004789	2
C003460	2
C003461	2
C003462	2
C003463	2
C003464	2
C003465	2
C003466	2
C003467	2
C003468	2
C003469	2
C003920	2
C002140	3
C003921	2
C002141	3
C003922	2
C002142	3
C003923	2
C002143	3
C003924	2
C002144	3
C003925	2
C002145	3
C003926	2
C002146	3
C003927	2
C002147	3
C003928	2
C002148	3
C003929	2
C002149	3
C004790	2
C004791	2
C004792	2
C004793	2
C004794	2
C004795	2
C004796	2
C004797	2
C004798	2
C004799	2
C002600	2
C002601	2
C002602	2
C002603	2
C002604	2
C002605	2
C002606	2
C002607	2
C002608	2
C002609	2
C003470	2
C003471	2
C003472	2
C003473	2
C003474	2
C003475	2
C003476	2
C003477	2
C003478	2
C003479	2
C003930	2
C002150	3
C003931	2
C002151	3
C003932	2
C002152	3
C003933	2
C002153	3
C003934	2
C002154	3
C003935	2
C002155	3
C003936	2
C002156	3
C003937	2
C002157	3
C003938	2
C002158	3
C003939	2
C002159	3
C002610	2
C002611	2
C002612	2
C002613	2
C002614	2
C002615	2
C002616	2
C002617	2
C002618	2
C002619	2
C003480	2
C003481	2
C003482	2
C003483	2
C003484	2
C003485	2
C003486	2
C003487	2
C003488	2
C003489	2
C003940	2
C002160	3
C003941	2
C002161	3
C003942	2
C002162	3
C003943	2
C002163	3
C003944	2
C002164	3
C003945	2
C002165	3
C003946	2
C002166	3
C003947	2
C002167	3
C003948	2
C002168	3
C003949	2
C002169	3
C002620	2
C002621	2
C002622	2
C002623	2
C002624	2
C002625	2
C002626	2
C002627	2
C002628	2
C002629	2
C003490	2
C003491	2
C003492	2
C003493	2
C003494	2
C003495	2
C003496	2
C003497	2
C003498	2
C003499	2
C003950	2
C002170	3
C003951	2
C002171	3
C003952	2
C002172	3
C003953	2
C002173	3
C003954	2
C002174	3
C003955	2
C002175	3
C003956	2
C002176	3
C003957	2
C002177	3
C003958	2
C002178	3
C003959	2
C002179	3
C002630	2
C002631	2
C002632	2
C002633	2
C002634	2
C002635	2
C002636	2
C002637	2
C002638	2
C002639	2
C001300	3
C001301	3
C001302	3
C001303	3
C001304	3
C001305	3
C001306	3
C001307	3
C001308	3
C001309	3
C003960	2
C002180	3
C003961	2
C002181	3
C003962	2
C002182	3
C003963	2
C002183	3
C003964	2
C002184	3
C003965	2
C002185	3
C003966	2
C002186	3
C003967	2
C002187	3
C003968	2
C002188	3
C003969	2
C002189	3
C002640	2
C002641	2
C002642	2
C002643	2
C002644	2
C002645	2
C002646	2
C002647	2
C002648	2
C002649	2
C001310	3
C001311	3
C001312	3
C001313	3
C001314	3
C001315	3
C001316	3
C001317	3
C001318	3
C001319	3
C003970	2
C002190	3
C003971	2
C002191	3
C003972	2
C002192	3
C003973	2
C002193	3
C003974	2
C002194	3
C003975	2
C002195	3
C003976	2
C002196	3
C003977	2
C002197	3
C003978	2
C002198	3
C003979	2
C002199	3
C002650	2
C002651	2
C002652	2
C002653	2
C002654	2
C002655	2
C002656	2
C002657	2
C002658	2
C002659	2
C001320	3
C001321	3
C001322	3
C001323	3
C001324	3
C001325	3
C001326	3
C001327	3
C001328	3
C001329	3
C003980	2
C003981	2
C003982	2
C003983	2
C003984	2
C003985	2
C003986	2
C003987	2
C000001	70
C003988	2
C000002	68
C003989	2
C000003	67
C000004	58
C000005	48
C000006	45
C000007	44
C000008	43
C000009	42
C002660	2
C002661	2
C002662	2
C002663	2
C002664	2
C002665	2
C002666	2
C002667	2
C002668	2
C002669	2
C001330	3
C001331	3
C001332	3
C001333	3
C001334	3
C001335	3
C001336	3
C001337	3
C001338	3
C001339	3
C003990	2
C003991	2
C003992	2
C003993	2
C003994	2
C003995	2
C003996	2
C000010	42
C003997	2
C000011	40
C003998	2
C000012	40
C003999	2
C000013	36
C000014	34
C000015	34
C000016	33
C000017	33
C000018	32
C000019	31
C002670	2
C002671	2
C002672	2
C002673	2
C002674	2
C002675	2
C002676	2
C002677	2
C002678	2
C002679	2
C001340	3
C001341	3
C001342	3
C001343	3
C001344	3
C001345	3
C001346	3
C001347	3
C001348	3
C001349	3
C000020	29
C001800	3
C000021	28
C001801	3
C000022	28
C001802	3
C000023	27
C001803	3
C000024	27
C001804	3
C000025	27
C001805	3
C000026	27
C001806	3
C000027	27
C001807	3
C000028	26
C001808	3
C000029	25
C001809	3
C002680	2
C002681	2
C002682	2
C002683	2
C002684	2
C002685	2
C002686	2
C002687	2
C002688	2
C002689	2
C001350	3
C001351	3
C001352	3
C001353	3
C001354	3
C001355	3
C001356	3
C001357	3
C001358	3
C001359	3
C001810	3
C000030	25
C001811	3
C000031	25
C001812	3
C000032	24
C001813	3
C000033	24
C001814	3
C000034	24
C001815	3
C000035	23
C001816	3
C000036	23
C001817	3
C000037	23
C001818	3
C000038	23
C001819	3
C000039	22
C002690	2
C002691	2
C002692	2
C002693	2
C002694	2
C002695	2
C002696	2
C002697	2
C002698	2
C002699	2
C001360	3
C001361	3
C001362	3
C001363	3
C001364	3
C001365	3
C001366	3
C001367	3
C001368	3
C001369	3
C001820	3
C000040	22
C001821	3
C000041	21
C001822	3
C000042	21
C001823	3
C000043	21
C001824	3
C000044	20
C001825	3
C000045	20
C001826	3
C000046	20
C001827	3
C000047	20
C001828	3
C000048	20
C001829	3
C000049	20
C000500	6
C000501	6
C000502	6
C000503	6
C000504	6
C000505	6
C000506	6
C000507	6
C000508	6
C000509	6
C001370	3
C001371	3
C001372	3
C001373	3
C001374	3
C001375	3
C001376	3
C001377	3
C001378	3
C001379	3
C001830	3
C000050	20
C001831	3
C000051	20
C001832	3
C000052	20
C001833	3
C000053	19
C001834	3
C000054	19
C001835	3
C000055	19
C001836	3
C000056	18
C001837	3
C000057	18
C001838	3
C000058	18
C001839	3
C000059	18
C000510	6
C000511	6
C000512	6
C000513	6
C000514	6
C000515	6
C000516	6
C000517	6
C000518	6
C000519	6
C004400	2
C004401	2
C004402	2
C004403	2
C001380	3
C004404	2
C001381	3
C004405	2
C001382	3
C004406	2
C001383	3
C004407	2
C001384	3
C004408	2
C001385	3
C004409	2
C001386	3
C001387	3
C001388	3
C001389	3
C000060	18
C001840	3
C000061	17
C001841	3
C000062	17
C001842	3
C000063	17
C001843	3
C000064	17
C001844	3
C000065	17
C001845	3
C000066	16
C001846	3
C000067	16
C001847	3
C000068	16
C001848	3
C000069	16
C001849	3
C000520	6
C000521	6
C000522	6
C000523	6
C000524	6
C000525	6
C000526	6
C000527	6
C000528	6
C000529	6
C004410	2
C004411	2
C004412	2
C004413	2
C001390	3
C004414	2
C001391	3
C004415	2
C001392	3
C004416	2
C001393	3
C004417	2
C001394	3
C004418	2
C001395	3
C004419	2
C001396	3
C001397	3
C001398	3
C001399	3
C001850	3
C000070	16
C001851	3
C000071	16
C001852	3
C000072	16
C001853	3
C000073	15
C001854	3
C000074	15
C001855	3
C000075	15
C001856	3
C000076	15
C001857	3
C000077	15
C001858	3
C000078	15
C001859	3
C000079	15
C000530	6
C000531	6
C000532	6
C000533	6
C000534	6
C000535	6
C000536	6
C000537	6
C000538	6
C000539	6
C004420	2
C004421	2
C004422	2
C004423	2
C004424	2
C004425	2
C004426	2
C004427	2
C004428	2
C004429	2
C003100	2
C003101	2
C003102	2
C003103	2
C001860	3
C000080	15
C003104	2
C001861	3
C000081	15
C003105	2
C001862	3
C000082	15
C003106	2
C001863	3
C000083	15
C003107	2
C001864	3
C000084	15
C003108	2
C001865	3
C000085	15
C003109	2
C001866	3
C000086	15
C001867	3
C000087	15
C001868	3
C000088	15
C001869	3
C000089	15
C000540	6
C000541	6
C000542	6
C000543	6
C000544	6
C000545	6
C000546	6
C000547	6
C000548	6
C000549	6
C004430	2
C004431	2
C004432	2
C004433	2
C004434	2
C004435	2
C004436	2
C004437	2
C004438	2
C004439	2
C003110	2
C003111	2
C003112	2
C003113	2
C001870	3
C000090	15
C003114	2
C001871	3
C000091	14
C003115	2
C001872	3
C000092	14
C003116	2
C001873	3
C000093	14
C003117	2
C001874	3
C000094	14
C003118	2
C001875	3
C000095	14
C003119	2
C001876	3
C000096	14
C001877	3
C000097	14
C001878	3
C000098	14
C001879	3
C000099	14
C000550	6
C000551	6
C000552	6
C000553	6
C000554	6
C000555	6
C000556	6
C000557	6
C000558	6
C000559	6
C004440	2
C004441	2
C004442	2
C004443	2
C004444	2
C004445	2
C004446	2
C004447	2
C004448	2
C004449	2
C004900	2
C003120	2
C004901	2
C003121	2
C004902	2
C003122	2
C004903	2
C003123	2
C001880	3
C004904	2
C003124	2
C001881	3
C004905	2
C003125	2
C001882	3
C004906	2
C003126	2
C001883	3
C004907	2
C003127	2
C001884	3
C004908	2
C003128	2
C001885	3
C004909	2
C003129	2
C001886	3
C001887	3
C001888	3
C001889	3
C000560	6
C000561	6
C000562	6
C000563	6
C000564	6
C000565	6
C000566	6
C000567	6
C000568	6
C000569	6
C004450	2
C004451	2
C004452	2
C004453	2
C004454	2
C004455	2
C004456	2
C004457	2
C004458	2
C004459	2
C004910	2
C003130	2
C004911	2
C003131	2
C004912	2
C003132	2
C004913	2
C003133	2
C001890	3
C004914	2
C003134	2
C001891	3
C004915	2
C003135	2
C001892	3
C004916	2
C003136	2
C001893	3
C004917	2
C003137	2
C001894	3
C004918	2
C003138	2
C001895	3
C004919	2
C003139	2
C001896	3
C001897	3
C001898	3
C001899	3
C000570	6
C000571	6
C000572	6
C000573	6
C000574	6
C000575	6
C000576	6
C000577	6
C000578	6
C000579	6
C004460	2
C004461	2
C004462	2
C004463	2
C004464	2
C004465	2
C004466	2
C004467	2
C004468	2
C004469	2
C004920	2
C003140	2
C004921	2
C003141	2
C004922	2
C003142	2
C004923	2
C003143	2
C004924	2
C003144	2
C004925	2
C003145	2
C004926	2
C003146	2
C004927	2
C003147	2
C004928	2
C003148	2
C004929	2
C003149	2
C003600	2
C003601	2
C003602	2
C003603	2
C000580	6
C003604	2
C000581	6
C003605	2
C000582	6
C003606	2
C000583	6
C003607	2
C000584	6
C003608	2
C000585	6
C003609	2
C000586	6
C000587	6
C000588	6
C000589	6
C004470	2
C004471	2
C004472	2
C004473	2
C004474	2
C004475	2
C004476	2
C004477	2
C004478	2
C004479	2
C004930	2
C003150	2
C004931	2
C003151	2
C004932	2
C003152	2
C004933	2
C003153	2
C004934	2
C003154	2
C004935	2
C003155	2
C004936	2
C003156	2
C004937	2
C003157	2
C004938	2
C003158	2
C004939	2
C003159	2
C003610	2
C003611	2
C003612	2
C003613	2
C000590	6
C003614	2
C000591	6
C003615	2
C000592	6
C003616	2
C000593	6
C003617	2
C000594	6
C003618	2
C000595	6
C003619	2
C000596	6
C000597	6
C000598	6
C000599	6
C004480	2
C004481	2
C004482	2
C004483	2
C004484	2
C004485	2
C004486	2
C004487	2
C004488	2
C004489	2
C004940	2
C003160	2
C004941	2
C003161	2
C004942	2
C003162	2
C004943	2
C003163	2
C004944	2
C003164	2
C004945	2
C003165	2
C004946	2
C003166	2
C004947	2
C003167	2
C004948	2
C003168	2
C004949	2
C003169	2
C003620	2
C003621	2
C003622	2
C003623	2
C003624	2
C003625	2
C003626	2
C003627	2
C003628	2
C003629	2
C004490	2
C004491	2
C004492	2
C004493	2
C004494	2
C004495	2
C004496	2
C004497	2
C004498	2
C004499	2
C002300	2
C002301	2
C002302	2
C002303	2
C002304	2
C002305	2
C002306	2
C002307	2
C002308	2
C002309	2
C004950	2
C003170	2
C004951	2
C003171	2
C004952	2
C003172	2
C004953	2
C003173	2
C004954	2
C003174	2
C004955	2
C003175	2
C004956	2
C003176	2
C004957	2
C003177	2
C004958	2
C003178	2
C004959	2
C003179	2
C003630	2
C003631	2
C003632	2
C003633	2
C003634	2
C003635	2
C003636	2
C003637	2
C003638	2
C003639	2
C002310	2
C002311	2
C002312	2
C002313	2
C002314	2
C002315	2
C002316	2
C002317	2
C002318	2
C002319	2
C004960	2
C003180	2
C004961	2
C003181	2
C004962	2
C003182	2
C004963	2
C003183	2
C004964	2
C003184	2
C004965	2
C003185	2
C004966	2
C003186	2
C004967	2
C003187	2
C004968	2
C003188	2
C004969	2
C003189	2
C003640	2
C003641	2
C003642	2
C003643	2
C003644	2
C003645	2
C003646	2
C003647	2
C003648	2
C003649	2
C002320	2
C002321	2
C002322	2
C002323	2
C002324	2
C002325	2
C002326	2
C002327	2
C002328	2
C002329	2
C004970	2
C003190	2
C004971	2
C003191	2
C004972	2
C003192	2
C004973	2
C003193	2
C004974	2
C003194	2
C004975	2
C003195	2
C004976	2
C003196	2
C004977	2
C003197	2
C004978	2
C003198	2
C004979	2
C003199	2
C003650	2
C003651	2
C003652	2
C003653	2
C003654	2
C003655	2
C003656	2
C003657	2
C003658	2
C003659	2
C002330	2
C002331	2
C002332	2
C002333	2
C002334	2
C002335	2
C002336	2
C002337	2
C002338	2
C002339	2
C004980	2
C004981	2
C004982	2
C004983	2
C004984	2
C004985	2
C004986	2
C001000	4
C004987	2
C001001	4
C004988	2
C001002	4
C004989	2
C001003	4
C001004	4
C001005	4
C001006	4
C001007	4
C001008	4
C001009	4
C003660	2
C003661	2
C003662	2
C003663	2
C003664	2
C003665	2
C003666	2
C003667	2
C003668	2
C003669	2
C002340	2
C002341	2
C002342	2
C002343	2
C002344	2
C002345	2
C002346	2
C002347	2
C002348	2
C002349	2
C004990	2
C004991	2
C004992	2
C004993	2
C004994	2
C004995	2
C004996	2
C001010	4
C004997	2
C001011	4
C004998	2
C001012	4
C004999	2
C001013	4
C001014	4
C001015	4
C001016	4
C001017	4
C002800	2
C001018	4
C002801	2
C001019	4
C002802	2
C002803	2
C002804	2
C002805	2
C002806	2
C002807	2
C002808	2
C002809	2
C003670	2
C003671	2
C003672	2
C003673	2
C003674	2
C003675	2
C003676	2
C003677	2
C003678	2
C003679	2
C002350	2
C002351	2
C002352	2
C002353	2
C002354	2
C002355	2
C002356	2
C002357	2
C002358	2
C002359	2
C001020	4
C001021	4
C001022	4
C001023	4
C001024	4
C001025	4
C001026	4
C001027	4
C002810	2
C001028	4
C002811	2
C001029	4
C002812	2
C002813	2
C002814	2
C002815	2
C002816	2
C002817	2
C002818	2
C002819	2
C003680	2
C003681	2
C003682	2
C003683	2
C003684	2
C003685	2
C003686	2
C003687	2
C003688	2
C003689	2
C002360	2
C002361	2
C002362	2
C002363	2
C002364	2
C002365	2
C002366	2
C002367	2
C002368	2
C002369	2
C001030	4
C001031	4
C001032	4
C001033	4
C001034	4
C001035	4
C001036	4
C002820	2
C001037	4
C002821	2
C001038	4
C002822	2
C001039	4
C002823	2
C002824	2
C002825	2
C002826	2
C002827	2
C002828	2
C002829	2
C003690	2
C003691	2
C003692	2
C003693	2
C003694	2
C003695	2
C003696	2
C003697	2
C003698	2
C003699	2
C002370	2
C002371	2
C002372	2
C002373	2
C002374	2
C002375	2
C002376	2
C002377	2
C002378	2
C002379	2
C001040	4
C001041	4
C001042	4
C001043	4
C001044	4
C001045	4
C001046	4
C002830	2
C001047	4
C002831	2
C001048	4
C002832	2
C001049	4
C002833	2
C002834	2
C002835	2
C002836	2
C002837	2
C002838	2
C002839	2
C001500	3
C001501	3
C001502	3
C001503	3
C001504	3
C001505	3
C001506	3
C001507	3
C001508	3
C001509	3
C002380	2
C002381	2
C002382	2
C002383	2
C002384	2
C002385	2
C002386	2
C002387	2
C002388	2
C002389	2
C001050	4
C001051	4
C001052	4
C001053	4
C001054	4
C001055	4
C001056	4
C001057	4
C002840	2
C001058	4
C002841	2
C001059	4
C002842	2
C002843	2
C002844	2
C002845	2
C002846	2
C002847	2
C002848	2
C002849	2
C001510	3
C001511	3
C001512	3
C001513	3
C001514	3
C001515	3
C001516	3
C001517	3
C001518	3
C001519	3
C002390	2
C002391	2
C002392	2
C002393	2
C002394	2
C002395	2
C002396	2
C002397	2
C002398	2
C002399	2
C001060	4
C001061	4
C001062	4
C001063	4
C001064	4
C001065	4
C001066	4
C001067	4
C002850	2
C001068	4
C002851	2
C001069	4
C002852	2
C002853	2
C002854	2
C002855	2
C002856	2
C002857	2
C002858	2
C002859	2
C001520	3
C001521	3
C001522	3
C001523	3
C001524	3
C001525	3
C001526	3
C001527	3
C001528	3
C001529	3
C000200	10
C000201	10
C000202	10
C000203	10
C000204	10
C000205	10
C000206	10
C000207	10
C000208	10
C000209	10
C001070	4
C001071	4
C001072	4
C001073	4
C001074	4
C001075	4
C001076	4
C002860	2
C001077	4
C002861	2
C001078	4
C002862	2
C001079	4
C002863	2
C002864	2
C002865	2
C002866	2
C002867	2
C002868	2
C002869	2
C001530	3
C001531	3
C001532	3
C001533	3
C001534	3
C001535	3
C001536	3
C001537	3
C001538	3
C001539	3
C000210	10
C000211	10
C000212	10
C000213	10
C000214	10
C000215	10
C000216	10
C000217	10
C000218	10
C000219	10
C004100	2
C004101	2
C004102	2
C004103	2
C001080	4
C004104	2
C001081	4
C004105	2
C001082	4
C004106	2
C001083	4
C004107	2
C001084	4
C004108	2
C001085	4
C004109	2
C001086	4
C002870	2
C001087	4
C002871	2
C001088	4
C002872	2
C001089	4
C002873	2
C002874	2
C002875	2
C002876	2
C002877	2
C002878	2
C002879	2
C001540	3
C001541	3
C001542	3
C001543	3
C001544	3
C001545	3
C001546	3
C001547	3
C001548	3
C001549	3
C000220	10
C000221	10
C000222	10
C000223	9
C000224	9
C000225	9
C000226	9
C000227	9
C000228	9
C000229	9
C004110	2
C004111	2
C004112	2
C004113	2
C001090	4
C004114	2
C001091	4
C004115	2
C001092	4
C004116	2
C001093	4
C004117	2
C001094	4
C004118	2
C001095	4
C004119	2
C001096	4
C001097	4
C002880	2
C001098	4
C002881	2
C001099	4
C002882	2
C002883	2
C002884	2
C002885	2
C002886	2
C002887	2
C002888	2
C002889	2
C001550	3
C001551	3
C001552	3
C001553	3
C001554	3
C001555	3
C001556	3
C001557	3
C001558	3
C001559	3
C000230	9
C000231	9
C000232	9
C000233	9
C000234	9
C000235	9
C000236	9
C000237	9
C000238	9
C000239	9
C004120	2
C004121	2
C004122	2
C004123	2
C004124	2
C004125	2
C004126	2
C004127	2
C004128	2
C004129	2
C002890	2
C002891	2
C002892	2
C002893	2
C002894	2
C002895	2
C002896	2
C002897	2
C002898	2
C002899	2
C001560	3
C001561	3
C001562	3
C001563	3
C001564	3
C001565	3
C001566	3
C001567	3
C001568	3
C001569	3
C000240	9
C000241	9
C000242	9
C000243	9
C000244	9
C000245	9
C000246	9
C000247	9
C000248	9
C000249	9
C004130	2
C004131	2
C004132	2
C004133	2
C004134	2
C004135	2
C004136	2
C004137	2
C004138	2
C004139	2
C000700	5
C000701	5
C000702	5
C000703	5
C000704	5
C000705	5
C000706	5
C000707	5
C000708	5
C000709	5
C001570	3
C001571	3
C001572	3
C001573	3
C001574	3
C001575	3
C001576	3
C001577	3
C001578	3
C001579	3
C000250	9
C000251	9
C000252	9
C000253	9
C000254	9
C000255	9
C000256	9
C000257	9
C000258	9
C000259	9
C004140	2
C004141	2
C004142	2
C004143	2
C004144	2
C004145	2
C004146	2
C004147	2
C004148	2
C004149	2
C000710	5
C000711	5
C000712	5
C000713	5
C000714	5
C000715	5
C000716	5
C000717	5
C000718	5
C000719	5
C004600	2
C004601	2
C004602	2
C004603	2
C001580	3
C004604	2
C001581	3
C004605	2
C001582	3
C004606	2
C001583	3
C004607	2
C001584	3
C004608	2
C001585	3
C004609	2
C001586	3
C001587	3
C001588	3
C001589	3
C000260	9
C000261	9
C000262	9
C000263	9
C000264	9
C000265	9
C000266	9
C000267	9
C000268	9
C000269	9
C004150	2
C004151	2
C004152	2
C004153	2
C004154	2
C004155	2
C004156	2
C004157	2
C004158	2
C004159	2
C000720	5
C000721	5
C000722	5
C000723	5
C000724	5
C000725	5
C000726	5
C000727	5
C000728	5
C000729	5
C004610	2
C004611	2
C004612	2
C004613	2
C001590	3
C004614	2
C001591	3
C004615	2
C001592	3
C004616	2
C001593	3
C004617	2
C001594	3
C004618	2
C001595	3
C004619	2
C001596	3
C001597	3
C001598	3
C001599	3
C000270	9
C000271	9
C000272	9
C000273	9
C000274	9
C000275	9
C000276	9
C000277	9
C000278	9
C000279	9
C004160	2
C004161	2
C004162	2
C004163	2
C004164	2
C004165	2
C004166	2
C004167	2
C004168	2
C004169	2
C000730	5
C000731	5
C000732	5
C000733	5
C000734	5
C000735	5
C000736	5
C000737	5
C000738	5
C000739	5
C004620	2
C004621	2
C004622	2
C004623	2
C004624	2
C004625	2
C004626	2
C004627	2
C004628	2
C004629	2
C003300	2
C003301	2
C003302	2
C003303	2
C000280	9
C003304	2
C000281	9
C003305	2
C000282	9
C003306	2
C000283	9
C003307	2
C000284	9
C003308	2
C000285	9
C003309	2
C000286	9
C000287	8
C000288	8
C000289	8
C004170	2
C004171	2
C004172	2
C004173	2
C004174	2
C004175	2
C004176	2
C004177	2
C004178	2
C004179	2
C000740	5
C000741	5
C000742	5
C000743	5
C000744	5
C000745	5
C000746	5
C000747	5
C000748	5
C000749	5
C004630	2
C004631	2
C004632	2
C004633	2
C004634	2
C004635	2
C004636	2
C004637	2
C004638	2
C004639	2
C003310	2
C003311	2
C003312	2
C003313	2
C000290	8
C003314	2
C000291	8
C003315	2
C000292	8
C003316	2
C000293	8
C003317	2
C000294	8
C003318	2
C000295	8
C003319	2
C000296	8
C000297	8
C000298	8
C000299	8
C004180	2
C004181	2
C004182	2
C004183	2
C004184	2
C004185	2
C004186	2
C004187	2
C004188	2
C004189	2
C000750	5
C000751	5
C000752	5
C000753	5
C000754	5
C000755	5
C000756	5
C000757	5
C000758	5
C000759	5
C004640	2
C004641	2
C004642	2
C004643	2
C004644	2
C004645	2
C004646	2
C004647	2
C004648	2
C004649	2
C003320	2
C003321	2
C003322	2
C003323	2
C003324	2
C003325	2
C003326	2
C003327	2
C003328	2
C003329	2
C004190	2
C004191	2
C004192	2
C004193	2
C004194	2
C004195	2
C004196	2
C004197	2
C004198	2
C004199	2
C002000	3
C002001	3
C002002	3
C000760	5
C002003	3
C000761	5
C002004	3
C000762	5
C002005	3
C000763	5
C002006	3
C000764	5
C002007	3
C000765	5
C002008	3
C000766	5
C002009	3
C000767	5
C000768	5
C000769	5
C004650	2
C004651	2
C004652	2
C004653	2
C004654	2
C004655	2
C004656	2
C004657	2
C004658	2
C004659	2
C003330	2
C003331	2
C003332	2
C003333	2
C003334	2
C003335	2
C003336	2
C003337	2
C003338	2
C003339	2
C002010	3
C002011	3
C002012	3
C002013	3
C000770	5
C002014	3
C000771	5
C002015	3
C000772	5
C002016	3
C000773	5
C002017	3
C000774	5
C002018	3
C000775	5
C002019	3
C000776	5
C000777	5
C000778	5
C000779	5
C004660	2
C004661	2
C004662	2
C004663	2
C004664	2
C004665	2
C004666	2
C004667	2
C004668	2
C004669	2
C003340	2
C003341	2
C003342	2
C003343	2
C003344	2
C003345	2
C003346	2
C003347	2
C003348	2
C003349	2
C003800	2
C002020	3
C003801	2
C002021	3
C003802	2
C002022	3
C003803	2
C002023	3
C000780	5
C003804	2
C002024	3
C000781	5
C003805	2
C002025	3
C000782	5
C003806	2
C002026	3
C000783	5
C003807	2
C002027	3
C000784	5
C003808	2
C002028	3
C000785	5
C003809	2
C002029	3
C000786	5
C000787	5
C000788	5
C000789	5
C004670	2
C004671	2
C004672	2
C004673	2
C004674	2
C004675	2
C004676	2
C004677	2
C004678	2
C004679	2
C003350	2
C003351	2
C003352	2
C003353	2
C003354	2
C003355	2
C003356	2
C003357	2
C003358	2
C003359	2
C003810	2
C002030	3
C003811	2
C002031	3
C003812	2
C002032	3
C003813	2
C000790	5
C002033	3
C003814	2
C000791	5
C002034	3
C003815	2
C000792	5
C002035	3
C003816	2
C000793	5
C002036	3
C003817	2
C000794	5
C002037	3
C003818	2
C000795	5
C002038	3
C003819	2
C000796	5
C002039	3
C000797	5
C000798	5
C000799	5
C004680	2
C004681	2
C004682	2
C004683	2
C004684	2
C004685	2
C004686	2
C004687	2
C004688	2
C004689	2
C003360	2
C003361	2
C003362	2
C003363	2
C003364	2
C003365	2
C003366	2
C003367	2
C003368	2
C003369	2
C003820	2
C002040	3
C003821	2
C002041	3
C003822	2
C002042	3
C003823	2
C002043	3
C003824	2
C002044	3
C003825	2
C002045	3
C003826	2
C002046	3
C003827	2
C002047	3
C003828	2
C002048	3
C003829	2
C002049	3
C004690	2
C004691	2
C004692	2
C004693	2
C004694	2
C004695	2
C004696	2
C004697	2
C004698	2
C004699	2
C002500	2
C002501	2
C002502	2
C002503	2
C002504	2
C002505	2
C002506	2
C002507	2
C002508	2
C002509	2
C003370	2
C003371	2
C003372	2
C003373	2
C003374	2
C003375	2
C003376	2
C003377	2
C003378	2
C003379	2
C003830	2
C002050	3
C003831	2
C002051	3
C003832	2
C002052	3
C003833	2
C002053	3
C003834	2
C002054	3
C003835	2
C002055	3
C003836	2
C002056	3
C003837	2
C002057	3
C003838	2
C002058	3
C003839	2
C002059	3
C002510	2
C002511	2
C002512	2
C002513	2
C002514	2
C002515	2
C002516	2
C002517	2
C002518	2
C002519	2
C003380	2
C003381	2
C003382	2
C003383	2
C003384	2
C003385	2
C003386	2
C003387	2
C003388	2
C003389	2
C003840	2
C002060	3
C003841	2
C002061	3
C003842	2
C002062	3
C003843	2
C002063	3
C003844	2
C002064	3
C003845	2
C002065	3
C003846	2
C002066	3
C003847	2
C002067	3
C003848	2
C002068	3
C003849	2
C002069	3
C002520	2
C002521	2
C002522	2
C002523	2
C002524	2
C002525	2
C002526	2
C002527	2
C002528	2
C002529	2
C003390	2
C003391	2
C003392	2
C003393	2
C003394	2
C003395	2
C003396	2
C003397	2
C003398	2
C003399	2
C003850	2
C002070	3
C003851	2
C002071	3
C003852	2
C002072	3
C003853	2
C002073	3
C003854	2
C002074	3
C003855	2
C002075	3
C003856	2
C002076	3
C003857	2
C002077	3
C003858	2
C002078	3
C003859	2
C002079	3
C002530	2
C002531	2
C002532	2
C002533	2
C002534	2
C002535	2
C002536	2
C002537	2
C002538	2
C002539	2
C001200	4
C001201	4
C001202	4
C001203	4
C001204	4
C001205	4
C001206	4
C001207	4
C001208	4
C001209	4
C003860	2
C002080	3
C003861	2
C002081	3
C003862	2
C002082	3
C003863	2
C002083	3
C003864	2
C002084	3
C003865	2
C002085	3
C003866	2
C002086	3
C003867	2
C002087	3
C003868	2
C002088	3
C003869	2
C002089	3
C002540	2
C002541	2
C002542	2
C002543	2
C002544	2
C002545	2
C002546	2
C002547	2
C002548	2
C002549	2
C001210	4
C001211	4
C001212	4
C001213	4
C001214	4
C001215	4
C001216	4
C001217	4
C001218	4
C001219	4
C003870	2
C002090	3
C003871	2
C002091	3
C003872	2
C002092	3
C003873	2
C002093	3
C003874	2
C002094	3
C003875	2
C002095	3
C003876	2
C002096	3
C003877	2
C002097	3
C003878	2
C002098	3
C003879	2
C002099	3
C002550	2
C002551	2
C002552	2
C002553	2
C002554	2
C002555	2
C002556	2
C002557	2
C002558	2
C002559	2
C001220	4
C001221	4
C001222	4
C001223	4
C001224	4
C001225	4
C001226	4
C001227	4
C001228	4
C001229	4
C003880	2
C003881	2
C003882	2
C003883	2
C003884	2
C003885	2
C003886	2
C003887	2
C003888	2
C003889	2
C002560	2
C002561	2
C002562	2
C002563	2
C002564	2
C002565	2
C002566	2
C002567	2
C002568	2
C002569	2
C001230	4
C001231	4
C001232	4
C001233	4
C001234	4
C001235	4
C001236	4
C001237	4
C001238	4
C001239	4
C003890	2
C003891	2
C003892	2
C003893	2
C003894	2
C003895	2
C003896	2
C003897	2
C003898	2
C003899	2
C002570	2
C002571	2
C002572	2
C002573	2
C002574	2
C002575	2
C002576	2
C002577	2
C002578	2
C002579	2
C001240	4
C001241	4
C001242	4
C001243	4
C001244	4
C001245	4
C001246	4
C001247	4
C001248	4
C001249	4
C001700	3
C001701	3
C001702	3
C001703	3
C001704	3
C001705	3
C001706	3
C001707	3
C001708	3
C001709	3
C002580	2
C002581	2
C002582	2
C002583	2
C002584	2
C002585	2
C002586	2
C002587	2
C002588	2
C002589	2
C001250	4
C001251	4
C001252	4
C001253	4
C001254	4
C001255	4
C001256	4
C001257	4
C001258	4
C001259	4
C001710	3
C001711	3
C001712	3
C001713	3
C001714	3
C001715	3
C001716	3
C001717	3
C001718	3
C001719	3
C002590	2
C002591	2
C002592	2
C002593	2
C002594	2
C002595	2
C002596	2
C002597	2
C002598	2
C002599	2
C001260	4
C001261	4
C001262	4
C001263	4
C001264	4
C001265	4
C001266	4
C001267	3
C001268	3
C001269	3
C001720	3
C001721	3
C001722	3
C001723	3
C001724	3
C001725	3
C001726	3
C001727	3
C001728	3
C001729	3
C000400	7
C000401	7
C000402	7
C000403	7
C000404	7
C000405	7
C000406	7
C000407	7
C000408	7
C000409	7
C001270	3
C001271	3
C001272	3
C001273	3
C001274	3
C001275	3
C001276	3
C001277	3
C001278	3
C001279	3
C001730	3
C001731	3
C001732	3
C001733	3
C001734	3
C001735	3
C001736	3
C001737	3
C001738	3
C001739	3
C000410	7
C000411	7
C000412	7
C000413	7
C000414	7
C000415	7
C000416	7
C000417	7
C000418	7
C000419	7
C004300	2
C004301	2
C004302	2
C004303	2
C001280	3
C004304	2
C001281	3
C004305	2
C001282	3
C004306	2
C001283	3
C004307	2
C001284	3
C004308	2
C001285	3
C004309	2
C001286	3
C001287	3
C001288	3
C001289	3
C001740	3
C001741	3
C001742	3
C001743	3
C001744	3
C001745	3
C001746	3
C001747	3
C001748	3
C001749	3
C000420	7
C000421	7
C000422	7
C000423	7
C000424	7
C000425	7
C000426	7
C000427	7
C000428	7
C000429	7
C004310	2
C004311	2
C004312	2
C004313	2
C001290	3
C004314	2
C001291	3
C004315	2
C001292	3
C004316	2
C001293	3
C004317	2
C001294	3
C004318	2
C001295	3
C004319	2
C001296	3
C001297	3
C001298	3
C001299	3
C001750	3
C001751	3
C001752	3
C001753	3
C001754	3
C001755	3
C001756	3
C001757	3
C001758	3
C001759	3
C000430	7
C000431	7
C000432	7
C000433	7
C000434	7
C000435	7
C000436	7
C000437	7
C000438	7
C000439	7
C004320	2
C004321	2
C004322	2
C004323	2
C004324	2
C004325	2
C004326	2
C004327	2
C004328	2
C004329	2
C003000	2
C003001	2
C003002	2
C003003	2
C001760	3
C003004	2
C001761	3
C003005	2
C001762	3
C003006	2
C001763	3
C003007	2
C001764	3
C003008	2
C001765	3
C003009	2
C001766	3
C001767	3
C001768	3
C001769	3
C000440	7
C000441	7
C000442	7
C000443	7
C000444	7
C000445	7
C000446	7
C000447	7
C000448	7
C000449	7
C004330	2
C004331	2
C004332	2
C004333	2
C004334	2
C004335	2
C004336	2
C004337	2
C004338	2
C004339	2
C000900	4
C000901	4
C000902	4
C000903	4
C000904	4
C000905	4
C000906	4
C000907	4
C000908	4
C000909	4
C003010	2
C003011	2
C003012	2
C003013	2
C001770	3
C003014	2
C001771	3
C003015	2
C001772	3
C003016	2
C001773	3
C003017	2
C001774	3
C003018	2
C001775	3
C003019	2
C001776	3
C001777	3
C001778	3
C001779	3
C000450	7
C000451	7
C000452	7
C000453	7
C000454	7
C000455	7
C000456	7
C000457	7
C000458	7
C000459	7
C004340	2
C004341	2
C004342	2
C004343	2
C004344	2
C004345	2
C004346	2
C004347	2
C004348	2
C004349	2
C000910	4
C000911	4
C000912	4
C000913	4
C000914	4
C000915	4
C000916	4
C000917	4
C000918	4
C000919	4
C004800	2
C003020	2
C004801	2
C003021	2
C004802	2
C003022	2
C004803	2
C003023	2
C001780	3
C004804	2
C003024	2
C001781	3
C004805	2
C003025	2
C001782	3
C004806	2
C003026	2
C001783	3
C004807	2
C003027	2
C001784	3
C004808	2
C003028	2
C001785	3
C004809	2
C003029	2
C001786	3
C001787	3
C001788	3
C001789	3
C000460	7
C000461	7
C000462	7
C000463	7
C000464	7
C000465	7
C000466	7
C000467	7
C000468	7
C000469	7
C004350	2
C004351	2
C004352	2
C004353	2
C004354	2
C004355	2
C004356	2
C004357	2
C004358	2
C004359	2
C000920	4
C000921	4
C000922	4
C000923	4
C000924	4
C000925	4
C000926	4
C000927	4
C000928	4
C000929	4
C004810	2
C003030	2
C004811	2
C003031	2
C004812	2
C003032	2
C004813	2
C001790	3
C003033	2
C004814	2
C001791	3
C003034	2
C004815	2
C001792	3
C003035	2
C004816	2
C001793	3
C003036	2
C004817	2
C001794	3
C003037	2
C004818	2
C001795	3
C003038	2
C004819	2
C001796	3
C003039	2
C001797	3
C001798	3
C001799	3
C000470	7
C000471	7
C000472	7
C000473	7
C000474	7
C000475	7
C000476	7
C000477	7
C000478	7
C000479	6
C004360	2
C004361	2
C004362	2
C004363	2
C004364	2
C004365	2
C004366	2
C004367	2
C004368	2
C004369	2
C000930	4
C000931	4
C000932	4
C000933	4
C000934	4
C000935	4
C000936	4
C000937	4
C000938	4
C000939	4
C004820	2
C003040	2
C004821	2
C003041	2
C004822	2
C003042	2
C004823	2
C003043	2
C004824	2
C003044	2
C004825	2
C003045	2
C004826	2
C003046	2
C004827	2
C003047	2
C004828	2
C003048	2
C004829	2
C003049	2
C003500	2
C003501	2
C003502	2
C003503	2
C000480	6
C003504	2
C000481	6
C003505	2
C000482	6
C003506	2
C000483	6
C003507	2
C000484	6
C003508	2
C000485	6
C003509	2
C000486	6
C000487	6
C000488	6
C000489	6
C004370	2
C004371	2
C004372	2
C004373	2
C004374	2
C004375	2
C004376	2
C004377	2
C004378	2
C004379	2
C000940	4
C000941	4
C000942	4
C000943	4
C000944	4
C000945	4
C000946	4
C000947	4
C000948	4
C000949	4
C004830	2
C003050	2
C004831	2
C003051	2
C004832	2
C003052	2
C004833	2
C003053	2
C004834	2
C003054	2
C004835	2
C003055	2
C004836	2
C003056	2
C004837	2
C003057	2
C004838	2
C003058	2
C004839	2
C003059	2
C003510	2
C003511	2
C003512	2
C003513	2
C000490	6
C003514	2
C000491	6
C003515	2
C000492	6
C003516	2
C000493	6
C003517	2
C000494	6
C003518	2
C000495	6
C003519	2
C000496	6
C000497	6
C000498	6
C000499	6
C004380	2
C004381	2
C004382	2
C004383	2
C004384	2
C004385	2
C004386	2
C004387	2
C004388	2
C004389	2
C000950	4
C000951	4
C000952	4
C000953	4
C000954	4
C000955	4
C000956	4
C000957	4
C000958	4
C000959	4
C004840	2
C003060	2
C004841	2
C003061	2
C004842	2
C003062	2
C004843	2
C003063	2
C004844	2
C003064	2
C004845	2
C003065	2
C004846	2
C003066	2
C004847	2
C003067	2
C004848	2
C003068	2
C004849	2
C003069	2
C003520	2
C003521	2
C003522	2
C003523	2
C003524	2
C003525	2
C003526	2
C003527	2
C003528	2
C003529	2
C004390	2
C004391	2
C004392	2
C004393	2
C004394	2
C004395	2
C004396	2
C004397	2
C004398	2
C004399	2
C002200	3
C002201	3
C002202	3
C002203	3
C000960	4
C002204	3
C000961	4
C002205	3
C000962	4
C002206	3
C000963	4
C002207	3
C000964	4
C002208	3
C000965	4
C002209	3
C000966	4
C000967	4
C000968	4
C000969	4
C004850	2
C003070	2
C004851	2
C003071	2
C004852	2
C003072	2
C004853	2
C003073	2
C004854	2
C003074	2
C004855	2
C003075	2
C004856	2
C003076	2
C004857	2
C003077	2
C004858	2
C003078	2
C004859	2
C003079	2
C003530	2
C003531	2
C003532	2
C003533	2
C003534	2
C003535	2
C003536	2
C003537	2
C003538	2
C003539	2
C002210	3
C002211	3
C002212	3
C002213	3
C000970	4
C002214	3
C000971	4
C002215	3
C000972	4
C002216	3
C000973	4
C002217	3
C000974	4
C002218	3
C000975	4
C002219	3
C000976	4
C000977	4
C000978	4
C000979	4
C004860	2
C003080	2
C004861	2
C003081	2
C004862	2
C003082	2
C004863	2
C003083	2
C004864	2
C003084	2
C004865	2
C003085	2
C004866	2
C003086	2
C004867	2
C003087	2
C004868	2
C003088	2
C004869	2
C003089	2
C003540	2
C003541	2
C003542	2
C003543	2
C003544	2
C003545	2
C003546	2
C003547	2
C003548	2
C003549	2
C002220	3
C002221	3
C002222	3
C000980	4
C002223	3
C000981	4
C002224	3
C000982	4
C002225	3
C000983	4
C002226	3
C000984	4
C002227	3
C000985	4
C002228	3
C000986	4
C002229	3
C000987	4
C000988	4
C000989	4
C004870	2
C003090	2
C004871	2
C003091	2
C004872	2
C003092	2
C004873	2
C003093	2
C004874	2
C003094	2
C004875	2
C003095	2
C004876	2
C003096	2
C004877	2
C003097	2
C004878	2
C003098	2
C004879	2
C003099	2
C003550	2
C003551	2
C003552	2
C003553	2
C003554	2
C003555	2
C003556	2
C003557	2
C003558	2
C003559	2
C002230	3
C002231	3
C002232	3
C000990	4
C002233	3
C000991	4
C002234	3
C000992	4
C002235	3
C000993	4
C002236	3
C000994	4
C002237	3
C000995	4
C002238	3
C000996	4
C002239	3
C000997	4
C000998	4
C000999	4
C004880	2
C004881	2
C004882	2
C004883	2
C004884	2
C004885	2
C004886	2
C004887	2
C004888	2
C004889	2
C003560	2
C003561	2
C003562	2
C003563	2
C003564	2
C003565	2
C003566	2
C003567	2
C003568	2
C003569	2
C002240	3
C002241	3
C002242	3
C002243	3
C002244	3
C002245	3
C002246	3
C002247	3
C002248	3
C002249	3
C004890	2
C004891	2
C004892	2
C004893	2
C004894	2
C004895	2
C004896	2
C004897	2
C004898	2
C004899	2
C002700	2
C002701	2
C002702	2
C002703	2
C002704	2
C002705	2
C002706	2
C002707	2
C002708	2
C002709	2
C003570	2
C003571	2
C003572	2
C003573	2
C003574	2
C003575	2
C003576	2
C003577	2
C003578	2
C003579	2
C002250	3
C002251	3
C002252	3
C002253	3
C002254	3
C002255	3
C002256	3
C002257	2
C002258	2
C002259	2
C002710	2
C002711	2
C002712	2
C002713	2
C002714	2
C002715	2
C002716	2
C002717	2
C002718	2
C002719	2
C003580	2
C003581	2
C003582	2
C003583	2
C003584	2
C003585	2
C003586	2
C003587	2
C003588	2
C003589	2
C002260	2
C002261	2
C002262	2
C002263	2
C002264	2
C002265	2
C002266	2
C002267	2
C002268	2
C002269	2
C002720	2
C002721	2
C002722	2
C002723	2
C002724	2
C002725	2
C002726	2
C002727	2
C002728	2
C002729	2
C003590	2
C003591	2
C003592	2
C003593	2
C003594	2
C003595	2
C003596	2
C003597	2
C003598	2
C003599	2
C002270	2
C002271	2
C002272	2
C002273	2
C002274	2
C002275	2
C002276	2
C002277	2
C002278	2
C002279	2
C002730	2
C002731	2
C002732	2
C002733	2
C002734	2
C002735	2
C002736	2
C002737	2
C002738	2
C002739	2
C001400	3
C001401	3
C001402	3
C001403	3
C001404	3
C001405	3
C001406	3
C001407	3
C001408	3
C001409	3
C002280	2
C002281	2
C002282	2
C002283	2
C002284	2
C002285	2
C002286	2
C002287	2
C002288	2
C002289	2
C002740	2
C002741	2
C002742	2
C002743	2
C002744	2
C002745	2
C002746	2
C002747	2
C002748	2
C002749	2
C001410	3
C001411	3
C001412	3
C001413	3
C001414	3
C001415	3
C001416	3
C001417	3
C001418	3
C001419	3
C002290	2
C002291	2
C002292	2
C002293	2
C002294	2
C002295	2
C002296	2
C002297	2
C002298	2
C002299	2
C002750	2
C002751	2
C002752	2
C002753	2
C002754	2
C002755	2
C002756	2
C002757	2
C002758	2
C002759	2
C001420	3
C001421	3
C001422	3
C001423	3
C001424	3
C001425	3
C001426	3
C001427	3
C001428	3
C001429	3
C000100	14
C000101	14
C000102	14
C000103	14
C000104	14
C000105	14
C000106	14
C000107	14
C000108	14
C000109	13
C002760	2
C002761	2
C002762	2
C002763	2
C002764	2
C002765	2
C002766	2
C002767	2
C002768	2
C002769	2
C001430	3
C001431	3
C001432	3
C001433	3
C001434	3
C001435	3
C001436	3
C001437	3
C001438	3
C001439	3
C000110	13
C000111	13
C000112	13
C000113	13
C000114	13
C000115	13
C000116	13
C000117	13
C000118	13
C000119	13
C004000	2
C004001	2
C004002	2
C004003	2
C004004	2
C004005	2
C004006	2
C004007	2
C004008	2
C004009	2
C002770	2
C002771	2
C002772	2
C002773	2
C002774	2
C002775	2
C002776	2
C002777	2
C002778	2
C002779	2
C001440	3
C001441	3
C001442	3
C001443	3
C001444	3
C001445	3
C001446	3
C001447	3
C001448	3
C001449	3
C001900	3
C000120	13
C001901	3
C000121	13
C001902	3
C000122	13
C001903	3
C000123	13
C001904	3
C000124	13
C001905	3
C000125	13
C001906	3
C000126	13
C001907	3
C000127	13
C001908	3
C000128	13
C001909	3
C000129	13
C004010	2
C004011	2
C004012	2
C004013	2
C004014	2
C004015	2
C004016	2
C004017	2
C004018	2
C004019	2
C002780	2
C002781	2
C002782	2
C002783	2
C002784	2
C002785	2
C002786	2
C002787	2
C002788	2
C002789	2
C001450	3
C001451	3
C001452	3
C001453	3
C001454	3
C001455	3
C001456	3
C001457	3
C001458	3
C001459	3
C001910	3
C000130	12
C001911	3
C000131	12
C001912	3
C000132	12
C001913	3
C000133	12
C001914	3
C000134	12
C001915	3
C000135	12
C001916	3
C000136	12
C001917	3
C000137	12
C001918	3
C000138	12
C001919	3
C000139	12
C004020	2
C004021	2
C004022	2
C004023	2
C004024	2
C004025	2
C004026	2
C004027	2
C004028	2
C004029	2
C002790	2
C002791	2
C002792	2
C002793	2
C002794	2
C002795	2
C002796	2
C002797	2
C002798	2
C002799	2
C001460	3
C001461	3
C001462	3
C001463	3
C001464	3
C001465	3
C001466	3
C001467	3
C001468	3
C001469	3
C001920	3
C000140	12
C001921	3
C000141	12
C001922	3
C000142	12
C001923	3
C000143	12
C001924	3
C000144	12
C001925	3
C000145	12
C001926	3
C000146	11
C001927	3
C000147	11
C001928	3
C000148	11
C001929	3
C000149	11
C004030	2
C004031	2
C004032	2
C004033	2
C004034	2
C004035	2
C004036	2
C004037	2
C004038	2
C004039	2
C000600	6
C000601	6
C000602	6
C000603	6
C000604	6
C000605	6
C000606	6
C000607	6
C000608	6
C000609	6
C001470	3
C001471	3
C001472	3
C001473	3
C001474	3
C001475	3
C001476	3
C001477	3
C001478	3
C001479	3
C001930	3
C000150	11
C001931	3
C000151	11
C001932	3
C000152	11
C001933	3
C000153	11
C001934	3
C000154	11
C001935	3
C000155	11
C001936	3
C000156	11
C001937	3
C000157	11
C001938	3
C000158	11
C001939	3
C000159	11
C004040	2
C004041	2
C004042	2
C004043	2
C004044	2
C004045	2
C004046	2
C004047	2
C004048	2
C004049	2
C000610	6
C000611	6
C000612	6
C000613	6
C000614	6
C000615	6
C000616	6
C000617	6
C000618	6
C000619	6
C004500	2
C004501	2
C004502	2
C004503	2
C001480	3
C004504	2
C001481	3
C004505	2
C001482	3
C004506	2
C001483	3
C004507	2
C001484	3
C004508	2
C001485	3
C004509	2
C001486	3
C001487	3
C001488	3
C001489	3
C001940	3
C000160	11
C001941	3
C000161	11
C001942	3
C000162	11
C001943	3
C000163	11
C001944	3
C000164	11
C001945	3
C000165	11
C001946	3
C000166	11
C001947	3
C000167	11
C001948	3
C000168	11
C001949	3
C000169	11
C004050	2
C004051	2
C004052	2
C004053	2
C004054	2
C004055	2
C004056	2
C004057	2
C004058	2
C004059	2
C000620	6
C000621	6
C000622	6
C000623	6
C000624	6
C000625	6
C000626	6
C000627	6
C000628	6
C000629	6
C004510	2
C004511	2
C004512	2
C004513	2
C001490	3
C004514	2
C001491	3
C004515	2
C001492	3
C004516	2
C001493	3
C004517	2
C001494	3
C004518	2
C001495	3
C004519	2
C001496	3
C001497	3
C001498	3
C001499	3
C001950	3
C000170	11
C001951	3
C000171	11
C001952	3
C000172	11
C001953	3
C000173	11
C001954	3
C000174	11
C001955	3
C000175	11
C001956	3
C000176	11
C001957	3
C000177	11
C001958	3
C000178	11
C001959	3
C000179	11
C004060	2
C004061	2
C004062	2
C004063	2
C004064	2
C004065	2
C004066	2
C004067	2
C004068	2
C004069	2
C000630	6
C000631	6
C000632	6
C000633	6
C000634	5
C000635	5
C000636	5
C000637	5
C000638	5
C000639	5
C004520	2
C004521	2
C004522	2
C004523	2
C004524	2
C004525	2
C004526	2
C004527	2
C004528	2
C004529	2
C003200	2
C003201	2
C003202	2
C003203	2
C001960	3
C000180	11
C003204	2
C001961	3
C000181	11
C003205	2
C001962	3
C000182	11
C003206	2
C001963	3
C000183	10
C003207	2
C001964	3
C000184	10
C003208	2
C001965	3
C000185	10
C003209	2
C001966	3
C000186	10
C001967	3
C000187	10
C001968	3
C000188	10
C001969	3
C000189	10
C004070	2
C004071	2
C004072	2
C004073	2
C004074	2
C004075	2
C004076	2
C004077	2
C004078	2
C004079	2
C000640	5
C000641	5
C000642	5
C000643	5
C000644	5
C000645	5
C000646	5
C000647	5
C000648	5
C000649	5
C004530	2
C004531	2
C004532	2
C004533	2
C004534	2
C004535	2
C004536	2
C004537	2
C004538	2
C004539	2
C003210	2
C003211	2
C003212	2
C003213	2
C001970	3
C000190	10
C003214	2
C001971	3
C000191	10
C003215	2
C001972	3
C000192	10
C003216	2
C001973	3
C000193	10
C003217	2
C001974	3
C000194	10
C003218	2
C001975	3
C000195	10
C003219	2
C001976	3
C000196	10
C001977	3
C000197	10
C001978	3
C000198	10
C001979	3
C000199	10
C004080	2
C004081	2
C004082	2
C004083	2
C004084	2
C004085	2
C004086	2
C004087	2
C004088	2
C004089	2
C000650	5
C000651	5
C000652	5
C000653	5
C000654	5
C000655	5
C000656	5
C000657	5
C000658	5
C000659	5
C004540	2
C004541	2
C004542	2
C004543	2
C004544	2
C004545	2
C004546	2
C004547	2
C004548	2
C004549	2
C003220	2
C003221	2
C003222	2
C003223	2
C001980	3
C003224	2
C001981	3
C003225	2
C001982	3
C003226	2
C001983	3
C003227	2
C001984	3
C003228	2
C001985	3
C003229	2
C001986	3
C001987	3
C001988	3
C001989	3
C004090	2
C004091	2
C004092	2
C004093	2
C004094	2
C004095	2
C004096	2
C004097	2
C004098	2
C004099	2
C000660	5
C000661	5
C000662	5
C000663	5
C000664	5
C000665	5
C000666	5
C000667	5
C000668	5
C000669	5
C004550	2
C004551	2
C004552	2
C004553	2
C004554	2
C004555	2
C004556	2
C004557	2
C004558	2
C004559	2
C003230	2
C003231	2
C003232	2
C003233	2
C001990	3
C003234	2
C001991	3
C003235	2
C001992	3
C003236	2
C001993	3
C003237	2
C001994	3
C003238	2
C001995	3
C003239	2
C001996	3
C001997	3
C001998	3
C001999	3
C000670	5
C000671	5
C000672	5
C000673	5
C000674	5
C000675	5
C000676	5
C000677	5
C000678	5
C000679	5
C004560	2
C004561	2
C004562	2
C004563	2
C004564	2
C004565	2
C004566	2
C004567	2
C004568	2
C004569	2
C003240	2
C003241	2
C003242	2
C003243	2
C003244	2
C003245	2
C003246	2
C003247	2
C003248	2
C003249	2
C003700	2
C003701	2
C003702	2
C003703	2
C000680	5
C003704	2
C000681	5
C003705	2
C000682	5
C003706	2
C000683	5
C003707	2
C000684	5
C003708	2
C000685	5
C003709	2
C000686	5
C000687	5
C000688	5
C000689	5
C004570	2
C004571	2
C004572	2
C004573	2
C004574	2
C004575	2
C004576	2
C004577	2
C004578	2
C004579	2
C003250	2
C003251	2
C003252	2
C003253	2
C003254	2
C003255	2
C003256	2
C003257	2
C003258	2
C003259	2
C003710	2
C003711	2
C003712	2
C003713	2
C000690	5
C003714	2
C000691	5
C003715	2
C000692	5
C003716	2
C000693	5
C003717	2
C000694	5
C003718	2
C000695	5
C003719	2
C000696	5
C000697	5
C000698	5
C000699	5
C004580	2
C004581	2
C004582	2
C004583	2
C004584	2
C004585	2
C004586	2
C004587	2
C004588	2
C004589	2
C003260	2
C003261	2
C003262	2
C003263	2
C003264	2
C003265	2
C003266	2
C003267	2
C003268	2
C003269	2
C003720	2
C003721	2
C003722	2
C003723	2
C003724	2
C003725	2
C003726	2
C003727	2
C003728	2
C003729	2
C004590	2
C004591	2
C004592	2
C004593	2
C004594	2
C004595	2
C004596	2
C004597	2
C004598	2
C004599	2
C002400	2
C002401	2
C002402	2
C002403	2
C002404	2
C002405	2
C002406	2
C002407	2
C002408	2
C002409	2
C003270	2
C003271	2
C003272	2
C003273	2
C003274	2
C003275	2
C003276	2
C003277	2
C003278	2
C003279	2
C003730	2
C003731	2
C003732	2
C003733	2
C003734	2
C003735	2
C003736	2
C003737	2
C003738	2
C003739	2
C002410	2
C002411	2
C002412	2
C002413	2
C002414	2
C002415	2
C002416	2
C002417	2
C002418	2
C002419	2
C003280	2
C003281	2
C003282	2
C003283	2
C003284	2
C003285	2
C003286	2
C003287	2
C003288	2
C003289	2
C003740	2
C003741	2
C003742	2
C003743	2
C003744	2
C003745	2
C003746	2
C003747	2
C003748	2
C003749	2
C002420	2
C002421	2
C002422	2
C002423	2
C002424	2
C002425	2
C002426	2
C002427	2
C002428	2
C002429	2
C003290	2
C003291	2
C003292	2
C003293	2
C003294	2
C003295	2
C003296	2
C003297	2
C003298	2
C003299	2
